{"cameraMode":{"drawMode":0,"name":"Shaded","section":"Shading Mode"},"sceneLighting":true,"audioPlay":false,"sceneViewState":{"showFog":true,"showMaterialUpdate":false,"showSkybox":true,"showFlares":true,"showImageEffects":true,"showParticleSystems":true},"in2DMode":false,"pivot":{"x":-14.37813949584961,"y":25.147029876708986,"z":-6.399921417236328},"rotation":{"x":-0.3543667197227478,"y":-0.385272353887558,"z":0.16329756379127503,"w":-0.8363082408905029},"size":9.404085159301758,"orthographic":false}