{"cameraMode":{"drawMode":0,"name":"Shaded","section":"Shading Mode"},"sceneLighting":false,"audioPlay":false,"sceneViewState":{"showFog":true,"showMaterialUpdate":false,"showSkybox":false,"showFlares":true,"showImageEffects":true,"showParticleSystems":true},"in2DMode":false,"pivot":{"x":-15.90528392791748,"y":1.4036574363708497,"z":-29.021764755249025},"rotation":{"x":-0.19895422458648683,"y":0.6257725954055786,"z":-0.16932621598243714,"w":-0.7350106835365295},"size":10.0,"orthographic":false}